Goal,Optimal_Actions,LLM_Optimal_Actions,Vital_Action_Predicates,Vital_Objects,Time_Limit_Exceeded,Error,Tree_Expanded_Number,Traversed_Number,Exploration_Number,Planning_Time_Total,Current_Cost,Action_Number,Recorded_Action_List,Tick_Time
IsPlugged_tv & IsIn_creamybuns_coffeemaker & IsClose_coffeemaker,"['Walk_creamybuns', 'RightGrab_creamybuns', 'Walk_coffeemaker', 'PlugIn_coffeemaker', 'Open_coffeemaker', 'RightPutIn_creamybuns_coffeemaker', 'Close_coffeemaker', 'Walk_tv', 'PlugIn_tv']","['Walk_tv', 'PlugIn_tv', 'Walk_creamybuns', 'RightGrab_creamybuns', 'Walk_coffeemaker', 'Close_coffeemaker']","['Walk', 'RightGrab', 'PlugIn', 'Open', 'RightPutIn', 'Close']","['creamybuns', 'coffeemaker', 'tv']",True,True,5,3482,5,0.10715889930725098,0,0,[],14
IsNear_self_cookingpot & IsSwitchedOn_oven & IsPlugged_cellphone,"['Walk_cellphone', 'PlugIn_cellphone', 'Walk_oven', 'PlugIn_oven', 'SwitchOn_oven', 'Walk_cookingpot']","['Walk_cookingpot', 'RightGrab_cookingpot', 'Walk_oven', 'SwitchOn_oven', 'Walk_cellphone', 'PlugIn_cellphone']","['Walk', 'PlugIn', 'SwitchOn']","['cellphone', 'oven', 'cookingpot']",True,True,7,6699,7,0.16051435470581055,0,0,[],29
IsClean_cuttingboard & IsOn_hairproduct_nightstand & IsOpen_milk,"['Walk_milk', 'Open_milk', 'Walk_hairproduct', 'LeftGrab_hairproduct', 'Walk_rag', 'RightGrab_rag', 'Walk_cuttingboard', 'Wipe_cuttingboard', 'Walk_nightstand', 'LeftPut_hairproduct_nightstand']","['Walk_cuttingboard', 'RightGrab_duster', 'Wipe_cuttingboard', 'Walk_hairproduct', 'RightGrab_hairproduct', 'Walk_nightstand', 'Open_milk']","['Walk', 'Open', 'LeftGrab', 'RightGrab', 'Wipe', 'LeftPut']","['milk', 'hairproduct', 'rag', 'cuttingboard', 'nightstand']",True,True,13,3409,13,0.1036367416381836,0,0,[],45
IsPlugged_coffeemaker & IsCut_pie & IsCut_carrot,"['Walk_coffeemaker', 'Open_coffeemaker', 'PlugIn_coffeemaker', 'Walk_carrot', 'LeftGrab_carrot', 'Walk_kitchenknife', 'RightGrab_kitchenknife', 'Cut_carrot', 'Walk_coffeemaker', 'LeftPutIn_carrot_coffeemaker', 'Walk_pie', 'LeftGrab_pie', 'Cut_pie']","['Walk_coffeemaker', 'PlugIn_coffeemaker', 'Walk_kitchenknife', 'RightGrab_kitchenknife', 'Walk_pie', 'RightGrab_pie', 'Cut_pie', 'Walk_carrot', 'RightGrab_carrot', 'Cut_carrot']","['Walk', 'Open', 'PlugIn', 'LeftGrab', 'RightGrab', 'Cut', 'LeftPutIn']","['coffeemaker', 'carrot', 'kitchenknife', 'pie']",True,True,11,6750,11,0.18045687675476074,0,0,[],9
IsCut_peach & IsIn_mug_nightstand & IsClose_nightstand,"['Walk_mug', 'RightGrab_mug', 'Walk_nightstand', 'Open_nightstand', 'RightPutIn_mug_nightstand', 'Close_nightstand', 'Walk_peach', 'LeftGrab_peach', 'Walk_kitchenknife', 'RightGrab_kitchenknife', 'Cut_peach']","['Walk_peach', 'RightGrab_peach', 'Walk_kitchenknife', 'RightGrab_kitchenknife', 'Walk_mug', 'RightPutIn_peach_mug', 'RightPutIn_kitchenknife_mug']","['Walk', 'RightGrab', 'Open', 'RightPutIn', 'Close', 'LeftGrab', 'Cut']","['mug', 'nightstand', 'peach', 'kitchenknife']",True,True,9,7222,9,0.18386530876159668,0,0,[],31
IsOpen_stove & IsOpen_oven,"['Walk_stove', 'Open_stove', 'Walk_oven', 'Open_oven']","['Walk_stove', 'Open_stove', 'Walk_oven', 'Open_oven']","['Walk', 'Open']","['stove', 'oven']",True,True,6,6754,6,0.14463305473327637,0,0,[],29
IsIn_cellphone_cookingpot & IsClose_cookingpot & IsSwitchedOn_remotecontrol,"['Walk_remotecontrol', 'SwitchOn_remotecontrol', 'Walk_cellphone', 'RightGrab_cellphone', 'Walk_cookingpot', 'Open_cookingpot', 'RightPutIn_cellphone_cookingpot', 'Close_cookingpot']","['Walk_cellphone', 'RightGrab_cellphone', 'Walk_cookingpot', 'RightPutIn_cellphone_cookingpot', 'Close_cookingpot', 'Walk_remotecontrol', 'SwitchOn_remotecontrol']","['Walk', 'SwitchOn', 'RightGrab', 'Open', 'RightPutIn', 'Close']","['remotecontrol', 'cellphone', 'cookingpot']",True,True,5,3482,5,0.10968685150146484,0,0,[],14
IsSwitchedOn_cellphone & IsPlugged_mouse & IsPlugged_tv,"['Walk_tv', 'PlugIn_tv', 'Walk_cellphone', 'PlugIn_cellphone', 'SwitchOn_cellphone', 'Walk_mouse', 'PlugIn_mouse']","['Walk_mouse', 'RightGrab_mouse', 'Walk_wallphone', 'SwitchOn_wallphone', 'Walk_tv', 'PlugIn_tv', 'SwitchOn_tv', 'Walk_cellphone', 'SwitchOn_cellphone']","['Walk', 'PlugIn', 'SwitchOn']","['tv', 'cellphone', 'mouse']",True,True,8,6787,8,0.17880654335021973,0,0,[],34
IsIn_slippers_desk & IsClose_desk & IsSwitchedOn_candle,"['Walk_slippers', 'RightGrab_slippers', 'Walk_desk', 'Open_desk', 'RightPutIn_slippers_desk', 'Close_desk', 'Walk_candle', 'SwitchOn_candle']","['Walk_slippers', 'RightGrab_slippers', 'Walk_desk', 'RightPutIn_slippers_desk', 'Close_desk', 'Walk_candle', 'SwitchOn_candle']","['Walk', 'RightGrab', 'Open', 'RightPutIn', 'Close', 'SwitchOn']","['slippers', 'desk', 'candle']",True,True,5,3569,5,0.11719059944152832,0,0,[],14
IsIn_oventray_oven & IsClose_oven & IsSwitchedOn_faucet,"['Walk_oventray', 'RightGrab_oventray', 'Walk_faucet', 'SwitchOn_faucet', 'Walk_oven', 'PlugIn_oven', 'Open_oven', 'RightPutIn_oventray_oven', 'Close_oven']","['Walk_oventray', 'RightGrab_oventray', 'Walk_oven', 'Close_oven', 'Walk_faucet', 'SwitchOn_faucet']","['Walk', 'RightGrab', 'SwitchOn', 'PlugIn', 'Open', 'RightPutIn', 'Close']","['oventray', 'faucet', 'oven']",True,True,7,6873,7,0.16119122505187988,0,0,[],24
IsClean_brush & IsPlugged_fridge,"['Walk_fridge', 'PlugIn_fridge', 'Walk_rag', 'LeftGrab_rag', 'Walk_brush', 'Wipe_brush']","['Walk_brush', 'RightGrab_brush', 'Walk_faucet', 'SwitchOn_faucet', 'Wash_brush', 'Walk_fridge', 'PlugIn_fridge']","['Walk', 'PlugIn', 'LeftGrab', 'Wipe']","['fridge', 'rag', 'brush']",True,True,6,3365,6,0.1016995906829834,0,0,[],25
IsClean_bathtub & IsPlugged_oven,"['Walk_rag', 'RightGrab_rag', 'Walk_oven', 'PlugIn_oven', 'Walk_bathtub', 'Wipe_bathtub']","['Walk_bathtub', 'RightGrab_bathtub', 'Walk_faucet', 'SwitchOn_faucet', 'Wash_bathtub', 'Walk_oven', 'PlugIn_oven']","['Walk', 'RightGrab', 'PlugIn', 'Wipe']","['rag', 'oven', 'bathtub']",True,True,10,6577,10,0.16353487968444824,0,0,[],45
IsSwitchedOn_washingmachine & IsOn_mouse_mousemat & IsSwitchedOn_remotecontrol,"['Walk_remotecontrol', 'SwitchOn_remotecontrol', 'Walk_washingmachine', 'PlugIn_washingmachine', 'SwitchOn_washingmachine', 'Walk_mouse', 'RightGrab_mouse', 'Walk_mousemat', 'RightPut_mouse_mousemat']","['Walk_washingmachine', 'SwitchOn_washingmachine', 'Walk_mouse', 'RightGrab_mouse', 'Walk_mousemat', 'RightPut_mouse_mousemat', 'Walk_remotecontrol', 'SwitchOn_remotecontrol']","['Walk', 'SwitchOn', 'PlugIn', 'RightGrab', 'RightPut']","['remotecontrol', 'washingmachine', 'mouse', 'mousemat']",True,True,7,3402,7,0.125718355178833,0,0,[],9
IsOpen_washingmachine & IsCut_salmon,"['Walk_washingmachine', 'Open_washingmachine', 'Walk_salmon', 'LeftGrab_salmon', 'Walk_kitchenknife', 'RightGrab_kitchenknife', 'Cut_salmon']","['Walk_washingmachine', 'RightGrab_washingmachine', 'Open_washingmachine', 'Walk_kitchenknife', 'RightGrab_kitchenknife', 'Walk_salmon', 'LeftGrab_salmon', 'Cut_salmon']","['Walk', 'Open', 'LeftGrab', 'RightGrab', 'Cut']","['washingmachine', 'salmon', 'kitchenknife']",True,True,8,6782,8,0.1559925079345703,0,0,[],15
IsOpen_oven & IsOn_mug_floor,"['Walk_mug', 'LeftGrab_mug', 'Walk_floor', 'LeftPut_mug_floor', 'Walk_oven', 'Open_oven']","['Walk_oven', 'Open_oven', 'Walk_mug', 'RightGrab_mug', 'Walk_floor', 'RightPut_mug_floor']","['Walk', 'LeftGrab', 'LeftPut', 'Open']","['mug', 'floor', 'oven']",True,True,10,6664,10,0.15925931930541992,0,0,[],45
IsSwitchedOn_cellphone & IsCut_bananas,"['Walk_kitchenknife', 'RightGrab_kitchenknife', 'Walk_cellphone', 'PlugIn_cellphone', 'SwitchOn_cellphone', 'Walk_bananas', 'LeftGrab_bananas', 'Cut_bananas']","['Walk_cellphone', 'SwitchOn_cellphone', 'Walk_bananas', 'RightGrab_bananas', 'Walk_kitchenknife', 'RightGrab_kitchenknife', 'Cut_bananas']","['Walk', 'RightGrab', 'PlugIn', 'SwitchOn', 'LeftGrab', 'Cut']","['kitchenknife', 'cellphone', 'bananas']",True,True,8,3397,8,0.1322009563446045,0,0,[],26
IsSwitchedOn_wallphone & IsClean_condimentbottle,"['Walk_rag', 'RightGrab_rag', 'Walk_condimentbottle', 'Wipe_condimentbottle', 'Walk_wallphone', 'PlugIn_wallphone', 'SwitchOn_wallphone']","['Walk_wallphone', 'SwitchOn_wallphone', 'Walk_condimentbottle', 'RightGrab_condimentbottle', 'Walk_sink', 'SwitchOn_faucet', 'Wash_condimentbottle']","['Walk', 'RightGrab', 'Wipe', 'PlugIn', 'SwitchOn']","['rag', 'condimentbottle', 'wallphone']",True,True,10,3402,10,0.1057596206665039,0,0,[],33
IsIn_hanger_kitchencabinet & IsClose_kitchencabinet & IsOpen_dishwasher,"['Walk_hanger', 'RightGrab_hanger', 'Walk_dishwasher', 'Open_dishwasher', 'Walk_kitchencabinet', 'Open_kitchencabinet', 'RightPutIn_hanger_kitchencabinet', 'Close_kitchencabinet']","['Walk_hanger', 'RightGrab_hanger', 'Walk_kitchencabinet', 'RightPutIn_hanger_kitchencabinet', 'Close_kitchencabinet', 'Walk_dishwasher', 'Open_dishwasher']","['Walk', 'RightGrab', 'Open', 'RightPutIn', 'Close']","['hanger', 'dishwasher', 'kitchencabinet']",True,True,7,7046,7,0.12379169464111328,0,0,[],24
IsClean_oventray & IsSwitchedOn_tv,"['Walk_tv', 'PlugIn_tv', 'SwitchOn_tv', 'Walk_rag', 'RightGrab_rag', 'Walk_oventray', 'Wipe_oventray']","['Walk_oventray', 'RightGrab_oventray', 'Walk_sink', 'Wipe_oventray', 'Walk_tv', 'SwitchOn_tv']","['Walk', 'PlugIn', 'SwitchOn', 'RightGrab', 'Wipe']","['tv', 'rag', 'oventray']",True,True,10,3488,10,0.10632729530334473,0,0,[],33
IsOpen_book & IsSwitchedOn_fridge,"['Walk_fridge', 'PlugIn_fridge', 'SwitchOn_fridge', 'Walk_book', 'Open_book']","['Walk_book', 'RightGrab_book', 'Open_book', 'Walk_fridge', 'SwitchOn_fridge']","['Walk', 'PlugIn', 'SwitchOn', 'Open']","['fridge', 'book']",True,True,7,6756,7,0.11372756958007812,0,0,[],34
IsClean_boardgame & IsNear_self_poundcake & IsCut_cutlets,"['Walk_rag', 'LeftGrab_rag', 'Walk_boardgame', 'Wipe_boardgame', 'LeftPut_rag_boardgame', 'Walk_kitchenknife', 'RightGrab_kitchenknife', 'Walk_cutlets', 'LeftGrab_cutlets', 'Walk_poundcake', 'Cut_cutlets']","['Walk_boardgame', 'RightGrab_boardgame', 'Walk_poundcake', 'RightGrab_poundcake', 'Walk_kitchenknife', 'RightGrab_kitchenknife', 'Walk_cutlets', 'LeftGrab_cutlets', 'Cut_cutlets']","['Walk', 'LeftGrab', 'Wipe', 'LeftPut', 'RightGrab', 'Cut']","['rag', 'boardgame', 'kitchenknife', 'cutlets', 'poundcake']",True,True,12,6752,12,0.11746382713317871,0,0,[],27
IsClean_oven & IsOpen_magazine,"['Walk_magazine', 'Open_magazine', 'Walk_rag', 'LeftGrab_rag', 'Walk_oven', 'Wipe_oven']","['Walk_oven', 'RightGrab_rag', 'Wipe_oven', 'Walk_magazine', 'Open_magazine']","['Walk', 'Open', 'LeftGrab', 'Wipe']","['magazine', 'rag', 'oven']",True,True,10,6836,10,0.10825657844543457,0,0,[],45
IsNear_self_bookshelf & IsOpen_closet & IsCut_apple,"['Walk_closet', 'Open_closet', 'Walk_apple', 'LeftGrab_apple', 'Walk_kitchenknife', 'RightGrab_kitchenknife', 'Walk_bookshelf', 'Cut_apple']","['Walk_bookshelf', 'RightGrab_bookshelf', 'Walk_closet', 'Open_closet', 'Walk_kitchenknife', 'RightGrab_kitchenknife', 'Walk_apple', 'LeftGrab_apple', 'Cut_apple']","['Walk', 'Open', 'LeftGrab', 'RightGrab', 'Cut']","['closet', 'apple', 'kitchenknife', 'bookshelf']",True,True,10,6783,10,0.11538243293762207,0,0,[],37
IsOn_toy_coffeetable & IsPlugged_toaster,"['Walk_toaster', 'PlugIn_toaster', 'Walk_toy', 'LeftGrab_toy', 'Walk_coffeetable', 'LeftPut_toy_coffeetable']","['Walk_toy', 'RightGrab_toy', 'Walk_coffeetable', 'RightPut_toy_coffeetable', 'Walk_toaster', 'PlugIn_toaster']","['Walk', 'PlugIn', 'LeftGrab', 'LeftPut']","['toaster', 'toy', 'coffeetable']",True,True,11,6663,11,0.1050112247467041,0,0,[],50
IsCut_bananas & IsIn_juice_microwave & IsClose_microwave,"['Walk_juice', 'RightGrab_juice', 'Walk_microwave', 'Open_microwave', 'PlugIn_microwave', 'RightPutIn_juice_microwave', 'Close_microwave', 'Walk_kitchenknife', 'RightGrab_kitchenknife', 'Walk_bananas', 'LeftGrab_bananas', 'Cut_bananas']","['Walk_bananas', 'RightGrab_bananas', 'Walk_kitchenknife', 'RightGrab_kitchenknife', 'Walk_juice', 'RightPutIn_bananas_juice', 'Walk_microwave', 'Close_microwave']","['Walk', 'RightGrab', 'Open', 'PlugIn', 'RightPutIn', 'Close', 'LeftGrab', 'Cut']","['juice', 'microwave', 'kitchenknife', 'bananas']",True,True,8,3464,8,0.10111808776855469,0,0,[],23
IsOn_salad_bookshelf & IsClean_stove & IsPlugged_keyboard,"['Walk_keyboard', 'PlugIn_keyboard', 'Walk_salad', 'LeftGrab_salad', 'Walk_bookshelf', 'LeftPut_salad_bookshelf', 'Walk_rag', 'RightGrab_rag', 'Walk_stove', 'Wipe_stove']","['Walk_salad', 'RightGrab_salad', 'Walk_bookshelf', 'RightPut_salad_bookshelf', 'Walk_stove', 'Walk_rag', 'RightGrab_rag', 'Wipe_stove', 'Walk_keyboard', 'PlugIn_keyboard']","['Walk', 'PlugIn', 'LeftGrab', 'LeftPut', 'RightGrab', 'Wipe']","['keyboard', 'salad', 'bookshelf', 'rag', 'stove']",True,True,6,3397,6,0.1266789436340332,0,0,[],12
IsIn_breadslice_oven & IsClose_oven & IsOn_bananas_boardgame,"['Walk_bananas', 'LeftGrab_bananas', 'Walk_breadslice', 'RightGrab_breadslice', 'Walk_boardgame', 'LeftPut_bananas_boardgame', 'Walk_oven', 'Open_oven', 'PlugIn_oven', 'RightPutIn_breadslice_oven', 'Close_oven']","['Walk_breadslice', 'RightGrab_breadslice', 'Walk_oven', 'RightPutIn_breadslice_oven', 'Close_oven', 'Walk_bananas', 'RightGrab_bananas', 'Walk_boardgame', 'RightPut_bananas_boardgame']","['Walk', 'LeftGrab', 'RightGrab', 'LeftPut', 'Open', 'PlugIn', 'RightPutIn', 'Close']","['bananas', 'breadslice', 'boardgame', 'oven']",True,True,10,3580,10,0.11008405685424805,0,0,[],35
IsNear_self_toiletpaper & IsPlugged_washingmachine & IsClean_oventray,"['Walk_washingmachine', 'PlugIn_washingmachine', 'Walk_rag', 'LeftGrab_rag', 'Walk_oventray', 'Wipe_oventray', 'Walk_toiletpaper']","['Walk_toiletpaper', 'RightGrab_toiletpaper', 'Walk_washingmachine', 'PlugIn_washingmachine', 'Walk_oventray', 'RightGrab_oventray', 'Walk_faucet', 'SwitchOn_faucet', 'Wash_oventray']","['Walk', 'PlugIn', 'LeftGrab', 'Wipe']","['washingmachine', 'rag', 'oventray', 'toiletpaper']",True,True,11,6831,11,0.17515301704406738,0,0,[],49
IsCut_pie & IsOpen_toothpaste,"['Walk_kitchenknife', 'RightGrab_kitchenknife', 'Walk_toothpaste', 'Open_toothpaste', 'Walk_pie', 'LeftGrab_pie', 'Cut_pie']","['Walk_pie', 'RightGrab_pie', 'Walk_kitchenknife', 'RightGrab_kitchenknife', 'Walk_toothpaste', 'Open_toothpaste']","['Walk', 'RightGrab', 'Open', 'LeftGrab', 'Cut']","['kitchenknife', 'toothpaste', 'pie']",True,True,8,6783,8,0.1501600742340088,0,0,[],15
IsOpen_book & IsOpen_door,"['Walk_door', 'Open_door', 'Walk_book', 'Open_book']","['Walk_book', 'RightGrab_book', 'Open_book', 'Walk_door', 'RightGrab_door', 'Open_door']","['Walk', 'Open']","['door', 'book']",True,True,6,6781,6,0.13730740547180176,0,0,[],29
IsClean_sink & IsCut_pie & IsClean_folder,"['Walk_rag', 'RightGrab_rag', 'Walk_kitchenknife', 'LeftGrab_kitchenknife', 'Walk_sink', 'LeftPutIn_kitchenknife_sink', 'Wipe_sink', 'Walk_pie', 'LeftGrab_pie', 'Walk_folder', 'Wipe_folder', 'Cut_pie']","['Walk_sink', 'RightGrab_rag', 'Wash_sink', 'Walk_kitchenknife', 'RightGrab_kitchenknife', 'Walk_pie', 'RightGrab_pie', 'Cut_pie', 'Walk_folder', 'RightGrab_folder', 'Wash_folder']","['Walk', 'RightGrab', 'LeftGrab', 'LeftPutIn', 'Wipe', 'Cut']","['rag', 'kitchenknife', 'sink', 'pie', 'folder']",True,True,14,3418,14,0.14353156089782715,0,0,[],22
IsCut_poundcake & IsNear_self_oven & IsIn_clothesshirt_kitchencabinet,"['Walk_clothesshirt', 'RightGrab_clothesshirt', 'Walk_kitchencabinet', 'Open_kitchencabinet', 'RightPutIn_clothesshirt_kitchencabinet', 'Walk_kitchenknife', 'RightGrab_kitchenknife', 'Walk_poundcake', 'LeftGrab_poundcake', 'Walk_oven', 'Cut_poundcake']","['Walk_poundcake', 'RightGrab_poundcake', 'Walk_oven', 'RightPut_oven_poundcake', 'Walk_clothesshirt', 'RightGrab_clothesshirt', 'Walk_kitchencabinet', 'RightPutIn_clothesshirt_kitchencabinet']","['Walk', 'RightGrab', 'Open', 'RightPutIn', 'LeftGrab', 'Cut']","['clothesshirt', 'kitchencabinet', 'kitchenknife', 'poundcake', 'oven']",True,True,13,3457,13,0.11234307289123535,0,0,[],52
IsIn_whippedcream_oven & IsClose_oven & IsCut_plum,"['Walk_whippedcream', 'RightGrab_whippedcream', 'Walk_oven', 'PlugIn_oven', 'Open_oven', 'RightPutIn_whippedcream_oven', 'Close_oven', 'Walk_kitchenknife', 'RightGrab_kitchenknife', 'Walk_plum', 'LeftGrab_plum', 'Cut_plum']","['Walk_whippedcream', 'RightGrab_whippedcream', 'Walk_oven', 'RightPutIn_whippedcream_oven', 'Close_oven', 'Walk_plum', 'RightGrab_plum', 'Walk_kitchenknife', 'RightGrab_kitchenknife', 'Cut_plum']","['Walk', 'RightGrab', 'PlugIn', 'Open', 'RightPutIn', 'Close', 'LeftGrab', 'Cut']","['whippedcream', 'oven', 'kitchenknife', 'plum']",True,True,9,3578,9,0.10046148300170898,0,0,[],23
IsNear_self_slippers & IsCut_bananas,"['Walk_kitchenknife', 'RightGrab_kitchenknife', 'Walk_bananas', 'LeftGrab_bananas', 'Walk_slippers', 'Cut_bananas']","['Walk_slippers', 'RightGrab_slippers', 'Walk_bananas', 'RightGrab_bananas', 'Cut_bananas']","['Walk', 'RightGrab', 'LeftGrab', 'Cut']","['kitchenknife', 'bananas', 'slippers']",True,True,12,10134,12,0.17406177520751953,0,0,[],46
IsOn_towel_rug & IsCut_pie & IsOpen_coffeepot,"['Walk_coffeepot', 'Open_coffeepot', 'Walk_towel', 'LeftGrab_towel', 'Walk_kitchenknife', 'RightGrab_kitchenknife', 'Walk_rug', 'LeftPut_towel_rug', 'Walk_pie', 'LeftGrab_pie', 'Cut_pie']","['Walk_towel', 'RightGrab_towel', 'Walk_rug', 'RightPut_towel_rug', 'Walk_kitchenknife', 'RightGrab_kitchenknife', 'Walk_pie', 'LeftGrab_pie', 'Cut_pie', 'Walk_coffeepot', 'Open_coffeepot']","['Walk', 'Open', 'LeftGrab', 'RightGrab', 'LeftPut', 'Cut']","['coffeepot', 'towel', 'kitchenknife', 'rug', 'pie']",True,True,10,6751,10,0.16749286651611328,0,0,[],12
IsSwitchedOn_cellphone & IsOpen_garbagecan,"['Walk_cellphone', 'PlugIn_cellphone', 'SwitchOn_cellphone', 'Walk_garbagecan', 'Open_garbagecan']","['Walk_cellphone', 'SwitchOn_cellphone', 'Walk_garbagecan', 'Open_garbagecan']","['Walk', 'PlugIn', 'SwitchOn', 'Open']","['cellphone', 'garbagecan']",True,True,8,6698,8,0.1785566806793213,0,0,[],39
IsPlugged_microwave & IsPlugged_wallphone,"['Walk_wallphone', 'PlugIn_wallphone', 'Walk_microwave', 'PlugIn_microwave']","['Walk_microwave', 'PlugIn_microwave', 'Walk_wallphone', 'PlugIn_wallphone']","['Walk', 'PlugIn']","['wallphone', 'microwave']",True,True,6,6750,6,0.149003267288208,0,0,[],29
IsPlugged_dishwasher & IsNear_self_fryingpan,"['Walk_dishwasher', 'PlugIn_dishwasher', 'Walk_fryingpan']","['Walk_fryingpan', 'RightGrab_fryingpan', 'Walk_dishwasher', 'PlugIn_dishwasher']","['Walk', 'PlugIn']","['dishwasher', 'fryingpan']",False,False,4,4,4,0.018803834915161133,38,3,"['Walk(dishwasher)', 'PlugIn(dishwasher)', 'Walk(fryingpan)']",57
IsSwitchedOn_coffeemaker & IsNear_self_toothbrush & IsPlugged_radio,"['Walk_coffeemaker', 'PlugIn_coffeemaker', 'SwitchOn_coffeemaker', 'Walk_radio', 'PlugIn_radio', 'Walk_toothbrush']","['Walk_coffeemaker', 'SwitchOn_coffeemaker', 'Walk_toothbrush', 'RightGrab_toothbrush', 'Walk_radio', 'PlugIn_radio']","['Walk', 'PlugIn', 'SwitchOn']","['coffeemaker', 'radio', 'toothbrush']",True,True,8,6787,8,0.1245887279510498,0,0,[],34
IsPlugged_clock & IsOn_rag_cuttingboard,"['Walk_rag', 'RightGrab_rag', 'Walk_cuttingboard', 'RightPut_rag_cuttingboard', 'Walk_clock', 'PlugIn_clock']","['Walk_clock', 'RightGrab_clock', 'Walk_lightswitch', 'SwitchOn_lightswitch', 'Walk_rag', 'RightGrab_rag', 'Walk_cuttingboard', 'PlugIn_clock']","['Walk', 'RightGrab', 'RightPut', 'PlugIn']","['rag', 'cuttingboard', 'clock']",True,True,10,10137,10,0.18469452857971191,0,0,[],45
IsNear_self_bathroomcabinet & IsOpen_bathroomcabinet & IsClean_paper,"['Walk_rag', 'RightGrab_rag', 'Walk_paper', 'Wipe_paper', 'Walk_bathroomcabinet', 'Open_bathroomcabinet']","['Walk_bathroomcabinet', 'Open_bathroomcabinet', 'RightGrab_paper']","['Walk', 'RightGrab', 'Wipe', 'Open']","['rag', 'paper', 'bathroomcabinet']",True,True,5,3393,5,0.10491228103637695,0,0,[],9
IsNear_self_pie & IsPlugged_mouse,"['Walk_mouse', 'PlugIn_mouse', 'Walk_pie']","['Walk_pie', 'RightGrab_pie', 'Walk_mouse', 'PlugIn_mouse']","['Walk', 'PlugIn']","['mouse', 'pie']",False,False,4,4,4,0.016780853271484375,38,3,"['Walk(mouse)', 'PlugIn(mouse)', 'Walk(pie)']",57
IsPlugged_tablelamp & IsOn_clothespants_bathroomcabinet,"['Walk_tablelamp', 'PlugIn_tablelamp', 'Walk_clothespants', 'RightGrab_clothespants', 'Walk_bathroomcabinet', 'RightPut_clothespants_bathroomcabinet']","['Walk_tablelamp', 'PlugIn_tablelamp', 'Walk_clothespants', 'RightGrab_clothespants', 'Walk_bathroomcabinet', 'RightPutOn_clothespants_bathroomcabinet']","['Walk', 'PlugIn', 'RightGrab', 'RightPut']","['tablelamp', 'clothespants', 'bathroomcabinet']",True,True,7,3397,7,0.10608577728271484,0,0,[],30
IsPlugged_oven & IsSwitchedOn_computer,"['Walk_computer', 'SwitchOn_computer', 'Walk_oven', 'PlugIn_oven']","['Walk_oven', 'PlugIn_oven', 'Walk_computer', 'SwitchOn_computer']","['Walk', 'SwitchOn', 'PlugIn']","['computer', 'oven']",True,True,5,3306,5,0.10754656791687012,0,0,[],24
IsPlugged_dishwasher & IsNear_self_coffeemaker,"['Walk_dishwasher', 'PlugIn_dishwasher', 'Walk_coffeemaker']","['Walk_dishwasher', 'PlugIn_dishwasher', 'Walk_coffeemaker']","['Walk', 'PlugIn']","['dishwasher', 'coffeemaker']",False,False,4,4,4,0.018824100494384766,38,3,"['Walk(dishwasher)', 'PlugIn(dishwasher)', 'Walk(coffeemaker)']",57
IsPlugged_mouse & IsClean_apple,"['Walk_mouse', 'PlugIn_mouse', 'Walk_apple', 'RightGrab_apple', 'Walk_faucet', 'SwitchOn_faucet', 'Wash_apple']","['Walk_mouse', 'RightGrab_mouse', 'Walk_wallphone', 'PlugIn_mouse', 'Walk_apple', 'RightGrab_apple', 'Walk_faucet', 'SwitchOn_faucet', 'Wash_apple']","['Walk', 'PlugIn', 'RightGrab', 'SwitchOn', 'Wash']","['mouse', 'apple', 'faucet']",True,True,8,6786,8,0.11614012718200684,0,0,[],35
IsSwitchedOn_washingmachine & IsSwitchedOn_remotecontrol & IsIn_papertowel_bookshelf,"['Walk_remotecontrol', 'SwitchOn_remotecontrol', 'Walk_papertowel', 'LeftGrab_papertowel', 'Walk_bookshelf', 'LeftPutIn_papertowel_bookshelf', 'Walk_washingmachine', 'PlugIn_washingmachine', 'SwitchOn_washingmachine']","['Walk_washingmachine', 'SwitchOn_washingmachine', 'Walk_remotecontrol', 'SwitchOn_remotecontrol', 'Walk_papertowel', 'RightGrab_papertowel', 'Walk_bookshelf', 'RightPutIn_papertowel_bookshelf']","['Walk', 'SwitchOn', 'LeftGrab', 'LeftPutIn', 'PlugIn']","['remotecontrol', 'papertowel', 'bookshelf', 'washingmachine']",True,True,9,3404,9,0.10170793533325195,0,0,[],30
IsIn_bananas_kitchencabinet & IsClose_kitchencabinet & IsSwitchedOn_clock,"['Walk_bananas', 'RightGrab_bananas', 'Walk_kitchencabinet', 'Open_kitchencabinet', 'RightPutIn_bananas_kitchencabinet', 'Close_kitchencabinet', 'Walk_clock', 'PlugIn_clock', 'SwitchOn_clock']","['Walk_bananas', 'RightGrab_bananas', 'Walk_kitchencabinet', 'Close_kitchencabinet', 'Walk_clock', 'SwitchOn_clock']","['Walk', 'RightGrab', 'Open', 'RightPutIn', 'Close', 'PlugIn', 'SwitchOn']","['bananas', 'kitchencabinet', 'clock']",True,True,5,3570,5,0.13066768646240234,0,0,[],14
IsPlugged_cellphone & IsOn_candle_bathroomcabinet,"['Walk_candle', 'RightGrab_candle', 'Walk_bathroomcabinet', 'RightPut_candle_bathroomcabinet', 'Walk_cellphone', 'PlugIn_cellphone']","['Walk_bathroomcabinet', 'RightGrab_candle', 'Walk_cellphone', 'PlugIn_cellphone']","['Walk', 'RightGrab', 'RightPut', 'PlugIn']","['candle', 'bathroomcabinet', 'cellphone']",True,True,9,6749,9,0.16081452369689941,0,0,[],40
IsClean_clothesshirt & IsSwitchedOn_wallphone,"['Walk_rag', 'RightGrab_rag', 'Walk_clothesshirt', 'Wipe_clothesshirt', 'Walk_wallphone', 'PlugIn_wallphone', 'SwitchOn_wallphone']","['Walk_clothesshirt', 'RightGrab_clothesshirt', 'Walk_faucet', 'SwitchOn_faucet', 'Wash_clothesshirt', 'Walk_wallphone', 'SwitchOn_wallphone']","['Walk', 'RightGrab', 'Wipe', 'PlugIn', 'SwitchOn']","['rag', 'clothesshirt', 'wallphone']",True,True,6,3395,6,0.12331128120422363,0,0,[],15
IsOpen_fridge & IsCut_cutlets,"['Walk_fridge', 'Open_fridge', 'Walk_cutlets', 'LeftGrab_cutlets', 'Walk_kitchenknife', 'RightGrab_kitchenknife', 'Cut_cutlets']","['Walk_fridge', 'Open_fridge', 'Walk_kitchenknife', 'RightGrab_kitchenknife', 'Walk_cutlets', 'LeftGrab_cutlets', 'Cut_cutlets']","['Walk', 'Open', 'LeftGrab', 'RightGrab', 'Cut']","['fridge', 'cutlets', 'kitchenknife']",True,True,8,6754,8,0.1587085723876953,0,0,[],15
IsClean_bathtub & IsPlugged_oven,"['Walk_rag', 'RightGrab_rag', 'Walk_oven', 'PlugIn_oven', 'Walk_bathtub', 'Wipe_bathtub']","['Walk_bathtub', 'RightGrab_rag', 'Walk_faucet', 'SwitchOn_faucet', 'Wash_bathtub', 'Walk_oven', 'PlugIn_oven']","['Walk', 'RightGrab', 'PlugIn', 'Wipe']","['rag', 'oven', 'bathtub']",True,True,5,3306,5,0.10828518867492676,0,0,[],20
IsClean_condimentbottle & IsSwitchedOn_computer,"['Walk_computer', 'SwitchOn_computer', 'Walk_rag', 'LeftGrab_rag', 'Walk_condimentbottle', 'Wipe_condimentbottle']","['Walk_condimentbottle', 'RightGrab_condimentbottle', 'Walk_sink', 'SwitchOn_faucet', 'Wash_condimentbottle', 'Walk_computer', 'SwitchOn_computer']","['Walk', 'SwitchOn', 'LeftGrab', 'Wipe']","['computer', 'rag', 'condimentbottle']",True,True,10,6750,10,0.17582011222839355,0,0,[],45
IsNear_self_condimentshaker & IsClean_rug & IsOpen_clothespile,"['Walk_rag', 'RightGrab_rag', 'Walk_clothespile', 'Open_clothespile', 'Walk_rug', 'Wipe_rug', 'Walk_condimentshaker']","['Walk_condimentshaker', 'RightGrab_condimentshaker', 'Walk_rug', 'RightGrab_rug', 'Walk_clothespile', 'Open_clothespile']","['Walk', 'RightGrab', 'Open', 'Wipe']","['rag', 'clothespile', 'rug', 'condimentshaker']",True,True,6,3391,6,0.10486769676208496,0,0,[],24
IsIn_salad_toilet & IsClose_toilet & IsOpen_milk,"['Walk_salad', 'RightGrab_salad', 'Walk_milk', 'Open_milk', 'Walk_toilet', 'Open_toilet', 'RightPutIn_salad_toilet', 'Close_toilet']","['Walk_salad', 'RightGrab_salad', 'Walk_toilet', 'Close_toilet', 'Walk_milk', 'Open_milk']","['Walk', 'RightGrab', 'Open', 'RightPutIn', 'Close']","['salad', 'milk', 'toilet']",True,True,7,6872,7,0.15367960929870605,0,0,[],24
IsPlugged_tv & IsOpen_garbagecan & IsCut_apple,"['Walk_kitchenknife', 'RightGrab_kitchenknife', 'Walk_tv', 'PlugIn_tv', 'Walk_garbagecan', 'Open_garbagecan', 'Walk_apple', 'LeftGrab_apple', 'Cut_apple']","['Walk_tv', 'SwitchOn_tv', 'Walk_garbagecan', 'Open_garbagecan', 'Walk_kitchenknife', 'RightGrab_kitchenknife', 'Walk_apple', 'RightGrab_apple', 'Cut_apple']","['Walk', 'RightGrab', 'PlugIn', 'Open', 'LeftGrab', 'Cut']","['kitchenknife', 'tv', 'garbagecan', 'apple']",True,True,9,6699,9,0.18320894241333008,0,0,[],9
IsOpen_fridge & IsIn_wine_stove & IsClose_stove,"['Walk_wine', 'RightGrab_wine', 'Walk_stove', 'Open_stove', 'RightPutIn_wine_stove', 'Close_stove', 'Walk_fridge', 'Open_fridge']","['Walk_fridge', 'Open_fridge', 'Walk_wine', 'RightGrab_wine', 'Walk_stove', 'Close_stove']","['Walk', 'RightGrab', 'Open', 'RightPutIn', 'Close']","['wine', 'stove', 'fridge']",True,True,5,3514,5,0.1168513298034668,0,0,[],6
IsSwitchedOn_faucet & IsIn_fryingpan_kitchencabinet & IsClose_kitchencabinet,"['Walk_fryingpan', 'RightGrab_fryingpan', 'Walk_kitchencabinet', 'Open_kitchencabinet', 'RightPutIn_fryingpan_kitchencabinet', 'Close_kitchencabinet', 'Walk_faucet', 'SwitchOn_faucet']","['Walk_faucet', 'SwitchOn_faucet', 'Walk_fryingpan', 'RightGrab_fryingpan', 'Walk_kitchencabinet', 'Close_kitchencabinet']","['Walk', 'RightGrab', 'Open', 'RightPutIn', 'Close', 'SwitchOn']","['fryingpan', 'kitchencabinet', 'faucet']",True,True,7,7046,7,0.16968750953674316,0,0,[],24
IsOpen_toothpaste & IsCut_pie,"['Walk_kitchenknife', 'RightGrab_kitchenknife', 'Walk_toothpaste', 'Open_toothpaste', 'Walk_pie', 'LeftGrab_pie', 'Cut_pie']","['Walk_toothpaste', 'RightGrab_toothpaste', 'Open_toothpaste']","['Walk', 'RightGrab', 'Open', 'LeftGrab', 'Cut']","['kitchenknife', 'toothpaste', 'pie']",True,True,6,3394,6,0.10967659950256348,0,0,[],15
IsOn_pear_boardgame & IsCut_salmon & IsNear_self_salad,"['Walk_pear', 'RightGrab_pear', 'Walk_boardgame', 'RightPut_pear_boardgame', 'Walk_kitchenknife', 'RightGrab_kitchenknife', 'Walk_salmon', 'LeftGrab_salmon', 'Walk_salad', 'Cut_salmon']","['Walk_pear', 'RightGrab_pear', 'Walk_boardgame', 'RightPut_pear_boardgame', 'Walk_salmon', 'RightGrab_salmon', 'Walk_kitchenknife', 'RightGrab_kitchenknife', 'Cut_salmon', 'Walk_self', 'RightGrab_self', 'Walk_salad', 'RightPut_salmon_salad']","['Walk', 'RightGrab', 'RightPut', 'LeftGrab', 'Cut']","['pear', 'boardgame', 'kitchenknife', 'salmon', 'salad']",True,True,12,6756,12,0.15676617622375488,0,0,[],20
IsSwitchedOn_wallphone & IsCut_peach,"['Walk_kitchenknife', 'RightGrab_kitchenknife', 'Walk_wallphone', 'PlugIn_wallphone', 'SwitchOn_wallphone', 'Walk_peach', 'LeftGrab_peach', 'Cut_peach']","['Walk_wallphone', 'SwitchOn_wallphone', 'Walk_knife', 'RightGrab_knife', 'Walk_peach', 'LeftGrab_peach', 'Cut_peach']","['Walk', 'RightGrab', 'PlugIn', 'SwitchOn', 'LeftGrab', 'Cut']","['kitchenknife', 'wallphone', 'peach']",True,True,8,3397,8,0.14659786224365234,0,0,[],26
IsCut_cutlets & IsPlugged_toaster,"['Walk_kitchenknife', 'RightGrab_kitchenknife', 'Walk_toaster', 'PlugIn_toaster', 'Walk_cutlets', 'LeftGrab_cutlets', 'Cut_cutlets']","['Walk_kitchenknife', 'RightGrab_kitchenknife', 'Walk_cutlets', 'LeftGrab_cutlets', 'Cut_cutlets', 'Walk_toaster', 'PlugIn_toaster']","['Walk', 'RightGrab', 'PlugIn', 'LeftGrab', 'Cut']","['kitchenknife', 'toaster', 'cutlets']",True,True,8,6696,8,0.1612076759338379,0,0,[],15
IsCut_pie & IsSwitchedOn_clock & IsSwitchedOn_stove,"['Walk_kitchenknife', 'RightGrab_kitchenknife', 'Walk_clock', 'PlugIn_clock', 'SwitchOn_clock', 'Walk_stove', 'SwitchOn_stove', 'Walk_pie', 'LeftGrab_pie', 'Cut_pie']","['Walk_kitchenknife', 'RightGrab_kitchenknife', 'Walk_pie', 'LeftGrab_pie', 'Cut_pie', 'Walk_clock', 'SwitchOn_clock', 'Walk_stove', 'SwitchOn_stove']","['Walk', 'RightGrab', 'PlugIn', 'SwitchOn', 'LeftGrab', 'Cut']","['kitchenknife', 'clock', 'stove', 'pie']",True,True,6,3484,6,0.14655637741088867,0,0,[],9
IsCut_salmon & IsNear_self_boardgame,"['Walk_kitchenknife', 'RightGrab_kitchenknife', 'Walk_salmon', 'LeftGrab_salmon', 'Walk_boardgame', 'Cut_salmon']","['Walk_salmon', 'RightGrab_salmon', 'Walk_boardgame', 'RightGrab_boardgame', 'Cut_salmon']","['Walk', 'RightGrab', 'LeftGrab', 'Cut']","['kitchenknife', 'salmon', 'boardgame']",True,True,11,6788,11,0.14655590057373047,0,0,[],41
IsOpen_washingmachine & IsPlugged_mouse,"['Walk_washingmachine', 'Open_washingmachine', 'Walk_mouse', 'PlugIn_mouse']","['Walk_washingmachine', 'Open_washingmachine']","['Walk', 'Open', 'PlugIn']","['washingmachine', 'mouse']",True,True,5,3392,5,0.12124967575073242,0,0,[],24
IsCut_pancake & IsIn_dishbowl_toilet & IsClose_toilet,"['Walk_dishbowl', 'RightGrab_dishbowl', 'Walk_toilet', 'Open_toilet', 'RightPutIn_dishbowl_toilet', 'Close_toilet', 'Walk_kitchenknife', 'RightGrab_kitchenknife', 'Walk_pancake', 'LeftGrab_pancake', 'Cut_pancake']","['Walk_pancake', 'RightGrab_pancake', 'Walk_kitchenknife', 'RightGrab_kitchenknife', 'Walk_dishbowl_toilet', 'RightPutIn_pancake_dishbowl', 'Close_toilet']","['Walk', 'RightGrab', 'Open', 'RightPutIn', 'Close', 'LeftGrab', 'Cut']","['dishbowl', 'toilet', 'kitchenknife', 'pancake']",True,True,9,6961,9,0.16918230056762695,0,0,[],31
IsSwitchedOn_clock & IsNear_self_plum & IsOn_creamybuns_floor,"['Walk_clock', 'PlugIn_clock', 'SwitchOn_clock', 'Walk_creamybuns', 'LeftGrab_creamybuns', 'Walk_floor', 'LeftPut_creamybuns_floor', 'Walk_plum']","['Walk_clock', 'SwitchOn_clock', 'Walk_plum', 'RightGrab_plum', 'Walk_creamybuns', 'RightGrab_creamybuns', 'Walk_floor', 'RightPut_creamybuns_floor']","['Walk', 'PlugIn', 'SwitchOn', 'LeftGrab', 'LeftPut']","['clock', 'creamybuns', 'floor', 'plum']",True,True,7,3397,7,0.1197052001953125,0,0,[],29
IsCut_lime & IsCut_lime,"['Walk_kitchenknife', 'RightGrab_kitchenknife', 'Walk_lime', 'LeftGrab_lime', 'Cut_lime']","['Walk_kitchenknife', 'RightGrab_kitchenknife', 'Walk_lime', 'LeftGrab_lime', 'Cut_lime']","['Walk', 'RightGrab', 'LeftGrab', 'Cut']","['kitchenknife', 'lime']",True,True,7,6740,7,0.12262654304504395,0,0,[],25
IsOn_clothesshirt_bench & IsSwitchedOn_oven,"['Walk_oven', 'PlugIn_oven', 'SwitchOn_oven', 'Walk_clothesshirt', 'LeftGrab_clothesshirt', 'Walk_bench', 'LeftPut_clothesshirt_bench']","['Walk_clothesshirt', 'RightGrab_clothesshirt', 'Walk_bench', 'RightPut_clothesshirt_bench', 'Walk_oven', 'SwitchOn_oven']","['Walk', 'PlugIn', 'SwitchOn', 'LeftGrab', 'LeftPut']","['oven', 'clothesshirt', 'bench']",True,True,6,3312,6,0.1284191608428955,0,0,[],15
IsOpen_curtains & IsClean_wineglass & IsIn_toiletpaper_box,"['Walk_toiletpaper', 'RightGrab_toiletpaper', 'Walk_box', 'Open_box', 'RightPutIn_toiletpaper_box', 'Walk_curtains', 'Open_curtains', 'Walk_rag', 'RightGrab_rag', 'Walk_wineglass', 'Wipe_wineglass']","['Walk_curtains', 'Open_curtains', 'Walk_wineglass', 'RightGrab_wineglass', 'Walk_faucet', 'SwitchOn_faucet', 'Wash_wineglass', 'Walk_toiletpaper', 'RightGrab_toiletpaper', 'Walk_box', 'RightPutIn_toiletpaper_box']","['Walk', 'RightGrab', 'Open', 'RightPutIn', 'Wipe']","['toiletpaper', 'box', 'curtains', 'rag', 'wineglass']",True,True,9,6791,9,0.17237377166748047,0,0,[],12
IsOn_sundae_floor & IsSwitchedOn_faucet & IsPlugged_tablelamp,"['Walk_tablelamp', 'PlugIn_tablelamp', 'Walk_sundae', 'RightGrab_sundae', 'Walk_faucet', 'SwitchOn_faucet', 'Walk_floor', 'RightPut_sundae_floor']","['Walk_sundae', 'RightGrab_sundae', 'Walk_floor', 'RightPut_sundae_floor', 'Walk_faucet', 'SwitchOn_faucet', 'Walk_tablelamp', 'PlugIn_tablelamp']","['Walk', 'PlugIn', 'RightGrab', 'SwitchOn', 'RightPut']","['tablelamp', 'sundae', 'faucet', 'floor']",True,True,9,3489,9,0.10921955108642578,0,0,[],20
IsSwitchedOn_lightswitch & IsOpen_door & IsCut_plum,"['Walk_lightswitch', 'PlugIn_lightswitch', 'SwitchOn_lightswitch', 'Walk_kitchenknife', 'RightGrab_kitchenknife', 'Walk_door', 'Open_door', 'Walk_plum', 'LeftGrab_plum', 'Cut_plum']","['Walk_lightswitch', 'SwitchOn_lightswitch', 'Walk_door', 'Open_door', 'Walk_plum', 'RightGrab_plum', 'Cut_plum']","['Walk', 'PlugIn', 'SwitchOn', 'RightGrab', 'Open', 'LeftGrab', 'Cut']","['lightswitch', 'kitchenknife', 'door', 'plum']",True,True,9,6787,9,0.1389765739440918,0,0,[],9
IsIn_clothespile_washingmachine & IsClose_washingmachine & IsOn_mincedmeat_cuttingboard,"['Walk_mincedmeat', 'LeftGrab_mincedmeat', 'Walk_clothespile', 'RightGrab_clothespile', 'Walk_cuttingboard', 'LeftPut_mincedmeat_cuttingboard', 'Walk_washingmachine', 'PlugIn_washingmachine', 'Open_washingmachine', 'RightPutIn_clothespile_washingmachine', 'Close_washingmachine']","['Walk_clothespile', 'RightGrab_clothespile', 'Walk_washingmachine', 'Close_washingmachine', 'Walk_mincedmeat', 'RightGrab_mincedmeat', 'Walk_cuttingboard', 'LeftPut_mincedmeat_cuttingboard']","['Walk', 'LeftGrab', 'RightGrab', 'LeftPut', 'PlugIn', 'Open', 'RightPutIn', 'Close']","['mincedmeat', 'clothespile', 'cuttingboard', 'washingmachine']",True,True,10,3411,10,0.1228179931640625,0,0,[],40
IsCut_salmon & IsIn_folder_nightstand & IsClose_nightstand,"['Walk_folder', 'RightGrab_folder', 'Walk_nightstand', 'Open_nightstand', 'RightPutIn_folder_nightstand', 'Close_nightstand', 'Walk_salmon', 'LeftGrab_salmon', 'Walk_kitchenknife', 'RightGrab_kitchenknife', 'Cut_salmon']","['Walk_salmon', 'RightGrab_salmon', 'Walk_kitchenknife', 'RightGrab_kitchenknife', 'Walk_folder', 'RightGrab_folder', 'Walk_nightstand', 'Close_nightstand']","['Walk', 'RightGrab', 'Open', 'RightPutIn', 'Close', 'LeftGrab', 'Cut']","['folder', 'nightstand', 'salmon', 'kitchenknife']",True,True,9,7222,9,0.13070344924926758,0,0,[],31
IsOpen_coffeepot & IsSwitchedOn_toaster,"['Walk_coffeepot', 'Open_coffeepot', 'Walk_toaster', 'PlugIn_toaster', 'SwitchOn_toaster']","['Walk_coffeepot', 'RightGrab_coffeepot', 'Open_coffeepot', 'Walk_toaster', 'SwitchOn_toaster']","['Walk', 'Open', 'PlugIn', 'SwitchOn']","['coffeepot', 'toaster']",True,True,8,6872,8,0.11138343811035156,0,0,[],39
IsPlugged_washingmachine & IsSwitchedOn_candle & IsNear_self_dishbowl,"['Walk_candle', 'SwitchOn_candle', 'Walk_washingmachine', 'PlugIn_washingmachine', 'Walk_dishbowl']","['Walk_washingmachine', 'RightGrab_washingmachine', 'PlugIn_washingmachine', 'Walk_candle', 'SwitchOn_candle', 'Walk_dishbowl']","['Walk', 'SwitchOn', 'PlugIn']","['candle', 'washingmachine', 'dishbowl']",True,True,8,6780,8,0.11040973663330078,0,0,[],34
IsNear_self_hairproduct & IsCut_bananas & IsIn_dishbowl_cabinet,"['Walk_dishbowl', 'RightGrab_dishbowl', 'Walk_cabinet', 'Open_cabinet', 'RightPutIn_dishbowl_cabinet', 'Walk_kitchenknife', 'RightGrab_kitchenknife', 'Walk_bananas', 'LeftGrab_bananas', 'Walk_hairproduct', 'Cut_bananas']","['Walk_hairproduct', 'RightGrab_hairproduct', 'Walk_bananan', 'RightGrab_bananas', 'Walk_kitchenknife', 'RightGrab_kitchenknife', 'Walk_dishbowl', 'RightGrab_dishbowl', 'Walk_cabinet', 'RightPutIn_dishbowl_cabinet']","['Walk', 'RightGrab', 'Open', 'RightPutIn', 'LeftGrab', 'Cut']","['dishbowl', 'cabinet', 'kitchenknife', 'bananas', 'hairproduct']",True,True,13,3457,13,0.11314225196838379,0,0,[],52
IsIn_washingsponge_toilet & IsClose_toilet & IsOn_mug_boardgame,"['Walk_washingsponge', 'RightGrab_washingsponge', 'Walk_toilet', 'Open_toilet', 'RightPutIn_washingsponge_toilet', 'Close_toilet', 'Walk_mug', 'RightGrab_mug', 'Walk_boardgame', 'RightPut_mug_boardgame']","['Walk_washingsponge', 'RightGrab_washingsponge', 'Walk_toilet', 'RightPutIn_washingsponge_toilet', 'Close_toilet', 'Walk_mug', 'RightGrab_mug', 'Walk_boardgame', 'RightPut_mug_boardgame']","['Walk', 'RightGrab', 'Open', 'RightPutIn', 'Close', 'RightPut']","['washingsponge', 'toilet', 'mug', 'boardgame']",True,True,6,3571,6,0.12568259239196777,0,0,[],12
IsSwitchedOn_coffeemaker & IsSwitchedOn_printer & IsOn_pancake_coffeetable,"['Walk_printer', 'PlugIn_printer', 'SwitchOn_printer', 'Walk_pancake', 'RightGrab_pancake', 'Walk_coffeemaker', 'PlugIn_coffeemaker', 'SwitchOn_coffeemaker', 'Walk_coffeetable', 'RightPut_pancake_coffeetable']","['Walk_coffeemaker', 'SwitchOn_coffeemaker', 'Walk_printer', 'SwitchOn_printer', 'Walk_pancake', 'RightGrab_pancake', 'Walk_coffeetable', 'RightPut_pancake_coffeetable']","['Walk', 'PlugIn', 'SwitchOn', 'RightGrab', 'RightPut']","['printer', 'pancake', 'coffeemaker', 'coffeetable']",True,True,8,3320,8,0.14664554595947266,0,0,[],12
IsCut_carrot & IsOpen_magazine,"['Walk_kitchenknife', 'RightGrab_kitchenknife', 'Walk_magazine', 'Open_magazine', 'Walk_carrot', 'LeftGrab_carrot', 'Cut_carrot']","['Walk_kitchenknife', 'RightGrab_kitchenknife', 'Walk_carrot', 'RightPut_carrot_kitchencounter', 'Walk_magazine', 'Open_magazine']","['Walk', 'RightGrab', 'Open', 'LeftGrab', 'Cut']","['kitchenknife', 'magazine', 'carrot']",True,True,8,6783,8,0.1445908546447754,0,0,[],15
IsNear_self_keyboard & IsOpen_microwave,"['Walk_microwave', 'Open_microwave', 'Walk_keyboard']","['Walk_keyboard', 'RightGrab_keyboard', 'Walk_microwave', 'Open_microwave']","['Walk', 'Open']","['microwave', 'keyboard']",False,False,4,5,4,0.018374919891357422,33,3,"['Walk(microwave)', 'Open(microwave)', 'Walk(keyboard)']",57
IsCut_plum & IsPlugged_keyboard,"['Walk_keyboard', 'PlugIn_keyboard', 'Walk_kitchenknife', 'RightGrab_kitchenknife', 'Walk_plum', 'LeftGrab_plum', 'Cut_plum']","['Walk_kitchenknife', 'RightGrab_kitchenknife', 'Walk_plum', 'RightGrab_plum', 'Cut_plum']","['Walk', 'PlugIn', 'RightGrab', 'LeftGrab', 'Cut']","['keyboard', 'kitchenknife', 'plum']",True,True,9,10130,9,0.17990732192993164,0,0,[],15
IsOn_breadslice_desk & IsPlugged_tv & IsNear_self_door,"['Walk_tv', 'PlugIn_tv', 'Walk_breadslice', 'RightGrab_breadslice', 'Walk_desk', 'RightPut_breadslice_desk', 'Walk_door']","['Walk_breadslice', 'RightGrab_breadslice', 'Walk_desk', 'RightPut_breadslice_desk', 'Walk_tv', 'PlugIn_tv', 'Walk_door']","['Walk', 'PlugIn', 'RightGrab', 'RightPut']","['tv', 'breadslice', 'desk', 'door']",True,True,10,6745,10,0.16999316215515137,0,0,[],44
IsIn_toiletpaper_toilet & IsClose_toilet & IsPlugged_mouse,"['Walk_mouse', 'PlugIn_mouse', 'Walk_toiletpaper', 'RightGrab_toiletpaper', 'Walk_toilet', 'Open_toilet', 'RightPutIn_toiletpaper_toilet', 'Close_toilet']","['Walk_toiletpaper', 'RightGrab_toiletpaper', 'Walk_toilet', 'Close_toilet', 'Walk_mouse', 'PlugIn_mouse']","['Walk', 'PlugIn', 'RightGrab', 'Open', 'RightPutIn', 'Close']","['mouse', 'toiletpaper', 'toilet']",True,True,7,6872,7,0.16635799407958984,0,0,[],24
IsSwitchedOn_microwave & IsPlugged_tablelamp,"['Walk_microwave', 'PlugIn_microwave', 'SwitchOn_microwave', 'Walk_tablelamp', 'PlugIn_tablelamp']","['Walk_microwave', 'SwitchOn_microwave', 'Walk_tablelamp', 'PlugIn_tablelamp']","['Walk', 'PlugIn', 'SwitchOn']","['microwave', 'tablelamp']",True,True,6,6754,6,0.15820837020874023,0,0,[],29
IsNear_self_creamybuns & IsOpen_printer,"['Walk_printer', 'Open_printer', 'Walk_creamybuns']","['Walk_creamybuns', 'RightGrab_creamybuns', 'Walk_printer', 'Open_printer']","['Walk', 'Open']","['printer', 'creamybuns']",False,False,4,5,4,0.018603801727294922,33,3,"['Walk(printer)', 'Open(printer)', 'Walk(creamybuns)']",57
IsOpen_bathroomcabinet & IsNear_self_condimentbottle,"['Walk_bathroomcabinet', 'Open_bathroomcabinet', 'Walk_condimentbottle']","['Walk_condimentbottle', 'RightGrab_condimentbottle', 'Walk_bathroomcabinet', 'Open_bathroomcabinet']","['Walk', 'Open']","['bathroomcabinet', 'condimentbottle']",False,False,4,91,4,0.017320632934570312,33,3,"['Walk(bathroomcabinet)', 'Open(bathroomcabinet)', 'Walk(condimentbottle)']",57
IsNear_self_apple & IsClean_tvstand,"['Walk_rag', 'LeftGrab_rag', 'Walk_tvstand', 'Wipe_tvstand', 'Walk_apple']","['Walk_apple', 'RightGrab_apple', 'Walk_tvstand', 'RightPut_apple_tvstand']","['Walk', 'LeftGrab', 'Wipe']","['rag', 'tvstand', 'apple']",False,False,6,7,6,0.01897406578063965,67,5,"['Walk(rag)', 'LeftGrab(rag)', 'Walk(tvstand)', 'Wipe(tvstand)', 'Walk(apple)']",128
IsIn_candybar_toilet & IsClose_toilet & IsOn_plate_cuttingboard,"['Walk_plate', 'LeftGrab_plate', 'Walk_candybar', 'RightGrab_candybar', 'Walk_cuttingboard', 'LeftPut_plate_cuttingboard', 'Walk_toilet', 'Open_toilet', 'RightPutIn_candybar_toilet', 'Close_toilet']","['Walk_candybar', 'RightGrab_candybar', 'Walk_toilet', 'RightPutIn_candybar_toilet', 'Close_toilet', 'Walk_plate', 'RightGrab_plate', 'Walk_cuttingboard', 'RightPut_plate_cuttingboard']","['Walk', 'LeftGrab', 'RightGrab', 'LeftPut', 'Open', 'RightPutIn', 'Close']","['plate', 'candybar', 'cuttingboard', 'toilet']",True,True,10,6906,10,0.11759114265441895,0,0,[],35
IsClean_paper & IsClean_closet,"['Walk_rag', 'LeftGrab_rag', 'Walk_closet', 'Wipe_closet', 'Walk_paper', 'Wipe_paper']","['Walk_paper', 'RightGrab_paper', 'Walk_closet', 'RightGrab_closet']","['Walk', 'LeftGrab', 'Wipe']","['rag', 'closet', 'paper']",False,False,13,6791,13,0.10278153419494629,76,6,"['Walk(rag)', 'LeftGrab(rag)', 'Walk(paper)', 'Wipe(paper)', 'Walk(closet)', 'Wipe(closet)']",239
IsIn_cereal_coffeemaker & IsClose_coffeemaker & IsOpen_milk,"['Walk_milk', 'Open_milk', 'Walk_cereal', 'RightGrab_cereal', 'Walk_coffeemaker', 'PlugIn_coffeemaker', 'Open_coffeemaker', 'RightPutIn_cereal_coffeemaker', 'Close_coffeemaker']","['Walk_cereal', 'RightGrab_cereal', 'Walk_coffeemaker', 'RightPutIn_cereal_coffeemaker', 'Close_coffeemaker', 'Walk_milk', 'Open_milk']","['Walk', 'Open', 'RightGrab', 'PlugIn', 'RightPutIn', 'Close']","['milk', 'cereal', 'coffeemaker']",True,True,7,6873,7,0.10846471786499023,0,0,[],24
IsSwitchedOn_cellphone & IsPlugged_cellphone,"['Walk_cellphone', 'PlugIn_cellphone', 'SwitchOn_cellphone']","['Walk_cellphone', 'SwitchOn_cellphone', 'PlugIn_cellphone']","['Walk', 'PlugIn', 'SwitchOn']",['cellphone'],False,False,7,6781,7,0.08978509902954102,31,3,"['Walk(cellphone)', 'PlugIn(cellphone)', 'SwitchOn(cellphone)']",94
IsClean_hairproduct & IsNear_self_juice & IsClean_coffeepot,"['Walk_rag', 'LeftGrab_rag', 'Walk_coffeepot', 'Wipe_coffeepot', 'Walk_hairproduct', 'Wipe_hairproduct', 'Walk_juice']","['Walk_hairproduct', 'RightGrab_hairproduct', 'Walk_faucet', 'SwitchOn_faucet', 'Wash_hairproduct', 'Walk_self', 'RightGrab_juice', 'Walk_coffeepot', 'RightGrab_coffeepot']","['Walk', 'LeftGrab', 'Wipe']","['rag', 'coffeepot', 'hairproduct', 'juice']",False,False,14,6792,14,0.1066436767578125,91,7,"['Walk(rag)', 'LeftGrab(rag)', 'Walk(hairproduct)', 'Wipe(hairproduct)', 'Walk(coffeepot)', 'Wipe(coffeepot)', 'Walk(juice)']",357
IsOn_folder_rug & IsNear_self_garbagecan & IsOn_pudding_cabinet,"['Walk_folder', 'LeftGrab_folder', 'Walk_pudding', 'RightGrab_pudding', 'Walk_rug', 'LeftPut_folder_rug', 'Walk_cabinet', 'RightPut_pudding_cabinet', 'Walk_garbagecan']","['Walk_rug', 'RightGrab_folder', 'Walk_garbagecan', 'RightPut_folder_garbagecan', 'Walk_cabinet', 'RightGrab_pudding', 'RightPut_pudding_cabinet']","['Walk', 'LeftGrab', 'RightGrab', 'LeftPut', 'RightPut']","['folder', 'pudding', 'rug', 'cabinet', 'garbagecan']",True,True,14,6718,14,0.10487914085388184,0,0,[],64
IsIn_rug_desk & IsClose_desk & IsOpen_coffeemaker,"['Walk_coffeemaker', 'Open_coffeemaker', 'Walk_rug', 'RightGrab_rug', 'Walk_desk', 'Open_desk', 'RightPutIn_rug_desk', 'Close_desk']","['Walk_rug', 'RightGrab_rug', 'Walk_desk', 'RightPutIn_rug_desk', 'Close_desk', 'Walk_coffeemaker', 'Open_coffeemaker']","['Walk', 'Open', 'RightGrab', 'RightPutIn', 'Close']","['coffeemaker', 'rug', 'desk']",True,True,7,6961,7,0.12040448188781738,0,0,[],24
IsIn_chicken_coffeemaker & IsClose_coffeemaker & IsCut_poundcake,"['Walk_chicken', 'RightGrab_chicken', 'Walk_coffeemaker', 'Open_coffeemaker', 'PlugIn_coffeemaker', 'RightPutIn_chicken_coffeemaker', 'Close_coffeemaker', 'Walk_poundcake', 'LeftGrab_poundcake', 'Walk_kitchenknife', 'RightGrab_kitchenknife', 'Cut_poundcake']","['Walk_chicken', 'RightGrab_chicken', 'Walk_coffeemaker', 'RightPutIn_chicken_coffeemaker', 'Close_coffeemaker', 'Walk_poundcake', 'RightGrab_poundcake', 'Walk_kitchenknife', 'RightGrab_kitchenknife', 'Cut_poundcake']","['Walk', 'RightGrab', 'Open', 'PlugIn', 'RightPutIn', 'Close', 'LeftGrab', 'Cut']","['chicken', 'coffeemaker', 'poundcake', 'kitchenknife']",True,True,9,3578,9,0.10176277160644531,0,0,[],23
IsNear_self_crackers & IsClean_bench & IsIn_bananas_kitchencabinet,"['Walk_bananas', 'RightGrab_bananas', 'Walk_kitchencabinet', 'Open_kitchencabinet', 'RightPutIn_bananas_kitchencabinet', 'Walk_rag', 'LeftGrab_rag', 'Walk_bench', 'Wipe_bench', 'Walk_crackers']","['Walk_crackers', 'RightGrab_crackers', 'Walk_bench', 'Wipe_bench', 'Walk_bananas', 'RightGrab_bananas', 'Walk_kitchencabinet', 'RightPutIn_bananas_kitchencabinet']","['Walk', 'RightGrab', 'Open', 'RightPutIn', 'LeftGrab', 'Wipe']","['bananas', 'kitchencabinet', 'rag', 'bench', 'crackers']",True,True,12,6880,12,0.2023146152496338,0,0,[],54
IsClean_garbagecan & IsPlugged_keyboard,"['Walk_rag', 'RightGrab_rag', 'Walk_keyboard', 'PlugIn_keyboard', 'Walk_garbagecan', 'Wipe_garbagecan']","['Walk_garbagecan', 'RightGrab_rag', 'Walk_keyboard', 'PlugIn_keyboard']","['Walk', 'RightGrab', 'PlugIn', 'Wipe']","['rag', 'keyboard', 'garbagecan']",True,True,5,3393,5,0.10429883003234863,0,0,[],20
IsPlugged_keyboard & IsCut_salmon,"['Walk_keyboard', 'PlugIn_keyboard', 'Walk_kitchenknife', 'RightGrab_kitchenknife', 'Walk_salmon', 'LeftGrab_salmon', 'Cut_salmon']","['Walk_keyboard', 'RightGrab_keyboard', 'Walk_wallphone', 'SwitchOn_wallphone', 'PlugIn_keyboard']","['Walk', 'PlugIn', 'RightGrab', 'LeftGrab', 'Cut']","['keyboard', 'kitchenknife', 'salmon']",True,True,8,6783,8,0.15912985801696777,0,0,[],15
IsClean_toiletpaper & IsIn_washingsponge_toilet & IsClose_toilet,"['Walk_washingsponge', 'RightGrab_washingsponge', 'Walk_toilet', 'Open_toilet', 'RightPutIn_washingsponge_toilet', 'Close_toilet', 'Walk_rag', 'RightGrab_rag', 'Walk_toiletpaper', 'Wipe_toiletpaper']","['Walk_toiletpaper', 'RightGrab_toiletpaper', 'Walk_washingsponge', 'RightGrab_washingsponge', 'Walk_toilet', 'Close_toilet']","['Walk', 'RightGrab', 'Open', 'RightPutIn', 'Close', 'Wipe']","['washingsponge', 'toilet', 'rag', 'toiletpaper']",True,True,5,3482,5,0.1139383316040039,0,0,[],9
